{
  "Version": 1,
  "ManifestType": "Publish",
  "Endpoints": [
    {
      "Route": "index.html",
      "AssetFile": "index.html.gz",
      "Selectors": [
        {
          "Name": "Content-Encoding",
          "Value": "gzip",
          "Quality": "0.001919385797"
        }
      ],
      "ResponseHeaders": [
        {
          "Name": "Accept-Ranges",
          "Value": "bytes"
        },
        {
          "Name": "Cache-Control",
          "Value": "no-cache"
        },
        {
          "Name": "Content-Encoding",
          "Value": "gzip"
        },
        {
          "Name": "Content-Length",
          "Value": "520"
        },
        {
          "Name": "Content-Type",
          "Value": "text/html"
        },
        {
          "Name": "ETag",
          "Value": "\"PX7B788rYfgfeYYyYiI/RHrPS3j9oTDZV0hNUqcjwAs=\""
        },
        {
          "Name": "ETag",
          "Value": "W/\"Zt+mGPhBIZzpEZUWfXqaq1LiYTFEX1SC6gmDC2SuU9E=\""
        },
        {
          "Name": "Last-Modified",
          "Value": "Tue, 11 Mar 2025 13:21:42 GMT"
        },
        {
          "Name": "Vary",
          "Value": "Content-Encoding"
        }
      ],
      "EndpointProperties": [
        {
          "Name": "integrity",
          "Value": "sha256-Zt+mGPhBIZzpEZUWfXqaq1LiYTFEX1SC6gmDC2SuU9E="
        }
      ]
    },
    {
      "Route": "index.html",
      "AssetFile": "index.html.br",
      "Selectors": [
        {
          "Name": "Content-Encoding",
          "Value": "br",
          "Quality": "0.002702702703"
        }
      ],
      "ResponseHeaders": [
        {
          "Name": "Accept-Ranges",
          "Value": "bytes"
        },
        {
          "Name": "Cache-Control",
          "Value": "no-cache"
        },
        {
          "Name": "Content-Encoding",
          "Value": "br"
        },
        {
          "Name": "Content-Length",
          "Value": "369"
        },
        {
          "Name": "Content-Type",
          "Value": "text/html"
        },
        {
          "Name": "ETag",
          "Value": "\"8WoOODZT7Wordm+ef0ROJ8rRpoZ0bwSRuIWl8RKO3a8=\""
        },
        {
          "Name": "ETag",
          "Value": "W/\"Zt+mGPhBIZzpEZUWfXqaq1LiYTFEX1SC6gmDC2SuU9E=\""
        },
        {
          "Name": "Last-Modified",
          "Value": "Tue, 11 Mar 2025 13:21:42 GMT"
        },
        {
          "Name": "Vary",
          "Value": "Content-Encoding"
        }
      ],
      "EndpointProperties": [
        {
          "Name": "integrity",
          "Value": "sha256-Zt+mGPhBIZzpEZUWfXqaq1LiYTFEX1SC6gmDC2SuU9E="
        }
      ]
    },
    {
      "Route": "index.html",
      "AssetFile": "index.html",
      "Selectors": [],
      "ResponseHeaders": [
        {
          "Name": "Accept-Ranges",
          "Value": "bytes"
        },
        {
          "Name": "Cache-Control",
          "Value": "no-cache"
        },
        {
          "Name": "Content-Length",
          "Value": "1135"
        },
        {
          "Name": "Content-Type",
          "Value": "text/html"
        },
        {
          "Name": "ETag",
          "Value": "\"Zt+mGPhBIZzpEZUWfXqaq1LiYTFEX1SC6gmDC2SuU9E=\""
        },
        {
          "Name": "Last-Modified",
          "Value": "Tue, 11 Mar 2025 13:21:42 GMT"
        }
      ],
      "EndpointProperties": [
        {
          "Name": "integrity",
          "Value": "sha256-Zt+mGPhBIZzpEZUWfXqaq1LiYTFEX1SC6gmDC2SuU9E="
        }
      ]
    },
    {
      "Route": "index.html.br",
      "AssetFile": "index.html.br",
      "Selectors": [],
      "ResponseHeaders": [
        {
          "Name": "Accept-Ranges",
          "Value": "bytes"
        },
        {
          "Name": "Cache-Control",
          "Value": "no-cache"
        },
        {
          "Name": "Content-Encoding",
          "Value": "br"
        },
        {
          "Name": "Content-Length",
          "Value": "369"
        },
        {
          "Name": "Content-Type",
          "Value": "text/html"
        },
        {
          "Name": "ETag",
          "Value": "\"8WoOODZT7Wordm+ef0ROJ8rRpoZ0bwSRuIWl8RKO3a8=\""
        },
        {
          "Name": "Last-Modified",
          "Value": "Tue, 11 Mar 2025 13:21:42 GMT"
        },
        {
          "Name": "Vary",
          "Value": "Content-Encoding"
        }
      ],
      "EndpointProperties": [
        {
          "Name": "integrity",
          "Value": "sha256-8WoOODZT7Wordm+ef0ROJ8rRpoZ0bwSRuIWl8RKO3a8="
        }
      ]
    },
    {
      "Route": "index.html.gz",
      "AssetFile": "index.html.gz",
      "Selectors": [],
      "ResponseHeaders": [
        {
          "Name": "Accept-Ranges",
          "Value": "bytes"
        },
        {
          "Name": "Cache-Control",
          "Value": "no-cache"
        },
        {
          "Name": "Content-Encoding",
          "Value": "gzip"
        },
        {
          "Name": "Content-Length",
          "Value": "520"
        },
        {
          "Name": "Content-Type",
          "Value": "text/html"
        },
        {
          "Name": "ETag",
          "Value": "\"PX7B788rYfgfeYYyYiI/RHrPS3j9oTDZV0hNUqcjwAs=\""
        },
        {
          "Name": "Last-Modified",
          "Value": "Tue, 11 Mar 2025 13:21:42 GMT"
        },
        {
          "Name": "Vary",
          "Value": "Content-Encoding"
        }
      ],
      "EndpointProperties": [
        {
          "Name": "integrity",
          "Value": "sha256-PX7B788rYfgfeYYyYiI/RHrPS3j9oTDZV0hNUqcjwAs="
        }
      ]
    },
    {
      "Route": "index.qstrpajw8v.html",
      "AssetFile": "index.html.gz",
      "Selectors": [
        {
          "Name": "Content-Encoding",
          "Value": "gzip",
          "Quality": "0.001919385797"
        }
      ],
      "ResponseHeaders": [
        {
          "Name": "Accept-Ranges",
          "Value": "bytes"
        },
        {
          "Name": "Cache-Control",
          "Value": "max-age=31536000, immutable"
        },
        {
          "Name": "Content-Encoding",
          "Value": "gzip"
        },
        {
          "Name": "Content-Length",
          "Value": "520"
        },
        {
          "Name": "Content-Type",
          "Value": "text/html"
        },
        {
          "Name": "ETag",
          "Value": "\"PX7B788rYfgfeYYyYiI/RHrPS3j9oTDZV0hNUqcjwAs=\""
        },
        {
          "Name": "ETag",
          "Value": "W/\"Zt+mGPhBIZzpEZUWfXqaq1LiYTFEX1SC6gmDC2SuU9E=\""
        },
        {
          "Name": "Last-Modified",
          "Value": "Tue, 11 Mar 2025 13:21:42 GMT"
        },
        {
          "Name": "Vary",
          "Value": "Content-Encoding"
        }
      ],
      "EndpointProperties": [
        {
          "Name": "fingerprint",
          "Value": "qstrpajw8v"
        },
        {
          "Name": "integrity",
          "Value": "sha256-Zt+mGPhBIZzpEZUWfXqaq1LiYTFEX1SC6gmDC2SuU9E="
        },
        {
          "Name": "label",
          "Value": "index.html"
        }
      ]
    },
    {
      "Route": "index.qstrpajw8v.html",
      "AssetFile": "index.html.br",
      "Selectors": [
        {
          "Name": "Content-Encoding",
          "Value": "br",
          "Quality": "0.002702702703"
        }
      ],
      "ResponseHeaders": [
        {
          "Name": "Accept-Ranges",
          "Value": "bytes"
        },
        {
          "Name": "Cache-Control",
          "Value": "max-age=31536000, immutable"
        },
        {
          "Name": "Content-Encoding",
          "Value": "br"
        },
        {
          "Name": "Content-Length",
          "Value": "369"
        },
        {
          "Name": "Content-Type",
          "Value": "text/html"
        },
        {
          "Name": "ETag",
          "Value": "\"8WoOODZT7Wordm+ef0ROJ8rRpoZ0bwSRuIWl8RKO3a8=\""
        },
        {
          "Name": "ETag",
          "Value": "W/\"Zt+mGPhBIZzpEZUWfXqaq1LiYTFEX1SC6gmDC2SuU9E=\""
        },
        {
          "Name": "Last-Modified",
          "Value": "Tue, 11 Mar 2025 13:21:42 GMT"
        },
        {
          "Name": "Vary",
          "Value": "Content-Encoding"
        }
      ],
      "EndpointProperties": [
        {
          "Name": "fingerprint",
          "Value": "qstrpajw8v"
        },
        {
          "Name": "integrity",
          "Value": "sha256-Zt+mGPhBIZzpEZUWfXqaq1LiYTFEX1SC6gmDC2SuU9E="
        },
        {
          "Name": "label",
          "Value": "index.html"
        }
      ]
    },
    {
      "Route": "index.qstrpajw8v.html",
      "AssetFile": "index.html",
      "Selectors": [],
      "ResponseHeaders": [
        {
          "Name": "Accept-Ranges",
          "Value": "bytes"
        },
        {
          "Name": "Cache-Control",
          "Value": "max-age=31536000, immutable"
        },
        {
          "Name": "Content-Length",
          "Value": "1135"
        },
        {
          "Name": "Content-Type",
          "Value": "text/html"
        },
        {
          "Name": "ETag",
          "Value": "\"Zt+mGPhBIZzpEZUWfXqaq1LiYTFEX1SC6gmDC2SuU9E=\""
        },
        {
          "Name": "Last-Modified",
          "Value": "Tue, 11 Mar 2025 13:21:42 GMT"
        }
      ],
      "EndpointProperties": [
        {
          "Name": "fingerprint",
          "Value": "qstrpajw8v"
        },
        {
          "Name": "integrity",
          "Value": "sha256-Zt+mGPhBIZzpEZUWfXqaq1LiYTFEX1SC6gmDC2SuU9E="
        },
        {
          "Name": "label",
          "Value": "index.html"
        }
      ]
    },
    {
      "Route": "index.qstrpajw8v.html.br",
      "AssetFile": "index.html.br",
      "Selectors": [],
      "ResponseHeaders": [
        {
          "Name": "Accept-Ranges",
          "Value": "bytes"
        },
        {
          "Name": "Cache-Control",
          "Value": "max-age=31536000, immutable"
        },
        {
          "Name": "Content-Encoding",
          "Value": "br"
        },
        {
          "Name": "Content-Length",
          "Value": "369"
        },
        {
          "Name": "Content-Type",
          "Value": "text/html"
        },
        {
          "Name": "ETag",
          "Value": "\"8WoOODZT7Wordm+ef0ROJ8rRpoZ0bwSRuIWl8RKO3a8=\""
        },
        {
          "Name": "Last-Modified",
          "Value": "Tue, 11 Mar 2025 13:21:42 GMT"
        },
        {
          "Name": "Vary",
          "Value": "Content-Encoding"
        }
      ],
      "EndpointProperties": [
        {
          "Name": "fingerprint",
          "Value": "qstrpajw8v"
        },
        {
          "Name": "integrity",
          "Value": "sha256-8WoOODZT7Wordm+ef0ROJ8rRpoZ0bwSRuIWl8RKO3a8="
        },
        {
          "Name": "label",
          "Value": "index.html.br"
        }
      ]
    },
    {
      "Route": "index.qstrpajw8v.html.gz",
      "AssetFile": "index.html.gz",
      "Selectors": [],
      "ResponseHeaders": [
        {
          "Name": "Accept-Ranges",
          "Value": "bytes"
        },
        {
          "Name": "Cache-Control",
          "Value": "max-age=31536000, immutable"
        },
        {
          "Name": "Content-Encoding",
          "Value": "gzip"
        },
        {
          "Name": "Content-Length",
          "Value": "520"
        },
        {
          "Name": "Content-Type",
          "Value": "text/html"
        },
        {
          "Name": "ETag",
          "Value": "\"PX7B788rYfgfeYYyYiI/RHrPS3j9oTDZV0hNUqcjwAs=\""
        },
        {
          "Name": "Last-Modified",
          "Value": "Tue, 11 Mar 2025 13:21:42 GMT"
        },
        {
          "Name": "Vary",
          "Value": "Content-Encoding"
        }
      ],
      "EndpointProperties": [
        {
          "Name": "fingerprint",
          "Value": "qstrpajw8v"
        },
        {
          "Name": "integrity",
          "Value": "sha256-PX7B788rYfgfeYYyYiI/RHrPS3j9oTDZV0hNUqcjwAs="
        },
        {
          "Name": "label",
          "Value": "index.html.gz"
        }
      ]
    }
  ]
}